���,����ü�ߴ翡�����Һ�
�ٺ� ����Ʈ,6
��Ʈ,2.5
�߱� ĳġ��,2.5
�籸,2.5
�䰡,2.5
��Ÿ �䰡,2.5
�Ŀ��䰡,4
������ �������� �䰡,3.3
����Ҵٳ� �䰡,2
��Ʈ��Ī(������),2.5
����,3
��û��,3
����,3
����,3
����ü��,3.5
Ÿ��ġ,4
���� ����κ�,4
�ȱ������(�ݷ��ϰ�),8
Ǫ����(������),3
Ǫ����(�ݷ��ϰ�),8
����(��������),3.8
���� ������,5
���ϵ� ����,5.5
��������Ű��(������),2.8
��������Ű��(�ݷ��ϰ�),8
ũ��ġ(������),3
ũ��ġ(�ݷ��ϰ�),8
����Ʈ,5.5
Ź������,4
�±ر�,4
����Ʒκ�,4
����,4.8
���δ��,7.8
����Ŭ��,7
����Ŭ��,7
ü��Ʈ ������,5
���ڸ��ٱ�,5.5
Ʈ���ȱ�,4.5
��� �ȱ�,4.5
������ ����,4.5
�ȱ�,4.5
�󱸽��� ����,4.5
������,4.8
Ʈ����Ʈ ���,4.8
�ｺ(�ݷ��ϰ�),7.8
�״Ͻ� ���İ��,5
������,5
����κ�(������),5
����κ�(�߰���),6.5
����κ�(�����),7.3
���(������),4.5
�����,4.5
�ö���,4.5
��ũ���,7.8
���̾�Ʈ ���,4.5
����Ŭ,7
�������,5.5
���������,5.5
���������,5.5
�ʰ�,5.5
�״Ͻ� �ܽİ��,7
��������,7
�޸���/�ȱ�,6
���������,6
���׸ӽ�(�޸���),9
����Ʈ�(��������) - ����,5
����Ʈ�(������) - ����,3.5
���׼��(������) - ����,3.5
������(�ݷ��ϰ�),6
������(������),3.5
���� ������,5
�Ʒɵ��,5.5
�Ƕ�����,5.5
ķ��,2.5
��Ʋ��,5.5
���ܹڽ�,5.5
��ܳ�������,3
��ܿ�����,8
��ũ������,4
�ΰ���(��������),5
Ǯ��(������) - ����(���),2.8
Ǯ��(��������) - ����(���),3.8
�����,6
��Ű,6
��Ű(������),5
��Ű�ӽ�(��������),6.8
����ŷ,6
��å,4
����,4
ǲ��,8
����,5.5
����κ�,6
����Ű,6
�߱���Ī,6
����(������),6.1
��������,6
������ �ȱ�,6
���ָӴ� ���� �ȱ�,6.8
�Ӻ�,6
������Ī,6
���(�����),7
���,7
�޸���,7
������������Ÿ��(30~50 Watts),3.5
������������Ÿ��(90~100 Watts),6.8
������������Ÿ��(161~200 Watts),11
������������Ÿ��(���ϰ�),5.5
������Ÿ��,7
�ǳ�������Ÿ��(���ϰ�),5.5
�౸����,7
����,7
����,7
���Ǵ�,9
��ŰƮ Ʈ���̴�(�ݷ��ϰ�),8
����(�迵),8
�豸����,8
���̽���Ű,8
�󱸽���,8
�ٳѱ�(������),9
�౸����,10
���Ϻ� ����,10
����������,9
ű����,10
�Ϻ����,11
����(����),11
���������(�ݷ��ϰ�),14
BMX ������Ÿ��,8.5
"ķ�� ��ü�Ʒ�(��, �غ��� ķ�� ��)",5
�Ŀ���ŷ,6
������,4.8
Ʈ��ŷ,5
�ٱ�,7
������������Ÿ��(��������),7
������������Ÿ��(51~89 Watts),4.8
������������Ÿ��(101~160 Watts),8.8
������������Ÿ��(201~270 Watts),14
�ǳ�������Ÿ��,7
���Ϻ�����,7
�౸ ����ű ����,7
��ġ�߸���,8
�Ǽ� �ٳѱ�,7
�ٳѱ�(õõ��),8
���������(��������),8.5
�������� ��Ƽ����Ʈ,8
������,9
�±ǵ�,10
������,12
��������� ����,16
"�ǰ����� ���� ���� �ݷ��ϰ�(��, ����Ʈ ��)",7.2
Ŀ�꽺 30�� ���� ��ȯ�,3.5
�ȱ������(������),3
�ȱ������(��������),5
Ǫ����(��������),5
��ű,5.5
����(�ݷ��ϰ�),8
���̵� ����,5.5
��������Ű��(��������),3.8
���ٿ(������),2.8
���ٿ(�ݷ��ϰ�),8
ũ��ġ(��������),5
���� ����Ʈ,6
�ھ�,4.5
��Ǯ�ٿ�,5
�ｺ(��������),5.5
�ٷ¿(����),5.5
��ü �ٷ¿,5
����Ʈ�(�ݷ��ϰ�) - ����,6
���׼��(�ݷ��ϰ�) - ����,6
���׼��(��������) - ����,5
������(��������),5
�ٺ� ���������,5.5
�긴��,3.5
������ ��,5
�ΰ���(������),3
�ΰ���(�ݷ��ϰ�),8
Ǯ��(�ݷ��ϰ�) - ����(���),8
��ŰƮ Ʈ���̴�(��������),4.3
Ʈ������(��ũ���̼�����),3.5
Ʈ������(��������),4.5
Ÿ��Ÿ �,8
�߷�(�Ϲ�����),5
�߷�(�ݷ��ϰ�),6.8
���ο(��ũ���̼�����),3.5
���ο(��������),4.5
�˵�,6
���,6
�Ͽ�ŷ,6
���׸ӽ�(�ȱ�),4.5
�¸���ⱸ,5
��Ƽ�� �ο�,5
������,4.5
�����ٴ���(�߿ܿ�ⱸ),2.5
�ٷ¿,8
�� �� �����ο�,5
�ʶ��׽�(�ⱸ),5
���ο����(�Ϲ�����),5.5
Ǯ ����Ʈ,6
���ٿ(��������),3.8
��Ŭ����,7
��ŷ,4.5
�ｺ(������),5
���� ���,7.8
�ܹٴ��,5
��ü �ٷ¿,5.5
����,10
"�ǰ����� ���� ���� ��������(��, ����Ʈ ��)",3.8
������ ����,7
������������(�ݷ��ϰ�),10.5
����(������),2.8
����� ���̺�,6
����,7.8
Ʈ����Ʈ ��,5
�ȱ�(��å����),3
��ŷ����,5.5
���߰ȱ�,3.5
�����׶���,3.8
�ڽ�����,5.5
��Ǯ�ٿ�,4
��Ƽ��ο�,4
���ܹ�,7
���� �ٵ� �����̼�,5
Ʈ���̼��� Ǫ�� �ٿ�,5
�ڷ� �ȱ�,3
����(��),5.3
�ǳ� ��������,7
���ڸ� �ȱ�,2
���� �ͽ��ټ�,5
�̵� ��,5
�ظ� ��,5
��Űű,7
�㸮������(�߿ܿ�ⱸ),2.5
�ȵ�����(�߿ܿ�ⱸ),2.5
���㸮���б�(�߿ܿ�ⱸ),2.5
ũ�ν� ��,8
������Ŭ���̹�,7
����������,2.5
���̵� ����Ʈ,5.5
�豸����(�Ϲ�����),4
���ѷ�,3
��Ŭ���� ��ġ ������,5
���ĵ� ī�� ������,5
�� �ͽ��ټ�,3.5
��Ƽ��,1
�ҷο� ����Ȧ��,3
õ���ǰ��,8
ȨƮ���̴�-����ҿ,7
�����״Ͻ�,7
�� Ǯ �ٿ�,5
����Ʈ��,3
ű ��,5
���̵� ���,3.5
���̵� ũ��ġ,4
���mtB,8
��Ʈ ���� ���ͷ� ������,5.5
�븮���,4.5
(����)����,5
�����׽�Ʈ,83
���� ������,5
��۴��,7
������ �� �� �ö���,4
���۸��ڼ� ,5
����(���׸ӽ�),4.8
"������_����, �ݷ��ϰ�",10.3
����ü��,3.5
��ũ����,4.3
��ý�Ʈ Ǯ��,5
������Ŭ���̹�,7
���͹� ����,8
����(IM),8
�� ������,5
���� �����׽�Ʈ,8.5
���� ���׷�����,10
������,3.5
����ƾ Ŭ���̸�,7
�����ν�Ʈ,7
���ôٿ�,4
�ȱ���Ŵ޸���,5
�����,5.5
�º�,7
���� ������,3.4
������ ����,7
��Ʈ ���� �ٺ� �ο�,5.5
��������,3
�ö��� �䰡,4
���Ʈ �ӽ�,5
���̺� ũ�ν� ����,5
�ǹ߰ȱ�,4.5
����,6
�÷�ũ,3.8
���� ��,5
�縶�Ͼ� ���帮��Ʈ,5
�ɾƼ� �ٸ����,2.5
���׸ӽ�(�����԰ȱ�),6
���ͷ� ������,5
�¸�(õõ��),3.8
�¸�(������),5.8
Ÿ��Ÿ�,9
���̸���ƾ,5.5
�ε�������(�߰���),8
������ �ȱ�,3.5
�׽�Ʈ(�߱����Ǽ�),13
W�ͽ��ټ�,4
ű����,5
�� ����Ʈ,6
15�����͹�Ʈ���̴�!,8.8
����Ʈ ���� ������,7
��������,6
�����,5.5
��Ƽ�� ���� ���帮��Ʈ,8
���� �ȱ�,3.5
���� ���������,5.5
ö���Ŵ޸���,3.8
Ʈ���̼��� �ͽ��ټ�,5
�嵦 �ö���,5.5
��ġ ������,5
��������,7
�����,3.8
108��,2
���� �ö���,5.5
�����׽�Ʈ,7
"������_�Ʒ�, ����",5.3
�е麸��,6
����,4.3
��ü��,4.5
���þ�Ʈ����Ʈ,4
�ϸ�Ƽ��,6
ũ�ν� ũ��ġ,4.5
�ƽ����� �䰡,5
���۸Ƿο�,4
����,5.5
�Ƿ±� �,1.3
���嵶,3.8
�����ų� ���帮��Ʈ,8
Ź������,5
EMSƮ���̴�,7
�������,4
�ζ��ν�����Ʈ,5
���̵� �÷�ũ,3.8
���� ����Ʈ,5.5
AB �Ѿƿ�,8
SNPE,5
�ε����ũ,8.5
�÷���ű,5
���̵� ���׷�����,4
�� ����Ʈ,5
TRX �,7
������,6
��Ƽ�� �Ͼ�,5
���� ����Ʈ,5.5
��ġ����,3
������ڼ�,3.5
����Ʈ Ǯ�ٿ�,4
�Ƚ�������,8
�븣���ŷ,6
��Ÿ,3.8
����Ʈ ������,5
���̵� ���ͷ� ������,5
���ڸ� �ȱ�,2
�ʶ��׽�,3
���ȹ��� ���ڸ� �ٱ�(PTü��),3
���� �ܽİ��(�Ϲ�����),7
���� ���İ��,5
(SUP)����,6
���ٶ��� ���,3
�ο�,5
Ǯ��(�ΰ���),5
���� ű ��,5
�������̺�,7
�� ������Ʈ,6
���ø� ����Ʈ,5
��õ��ü��,3.5
�Ƕ�����,4
����������,5
wty�,7
������,5
